TDSFU Daily run: Wed Oct 22 03:00:05 UTC 2025 TDSFU
TDSFU Daily run: Wed Oct 22 03:01:51 UTC 2025 TDSFU
TDSFU Daily run: Wed Oct 22 04:36:39 UTC 2025 TDSFU
TDSFU Daily run: Thu Oct 23 04:34:55 UTC 2025 TDSFU
TDSFU Daily run: Fri Oct 24 04:34:16 UTC 2025 TDSFU
TDSFU Daily run: Sat Oct 25 04:33:35 UTC 2025 TDSFU
TDSFU Daily run: Sun Oct 26 04:33:49 UTC 2025 TDSFU
TDSFU Daily run: Mon Oct 27 04:42:51 UTC 2025 TDSFU
TDSFU Daily run: Tue Oct 28 04:35:28 UTC 2025 TDSFU
TDSFU Daily run: Wed Oct 29 04:41:23 UTC 2025 TDSFU
TDSFU Daily run: Thu Oct 30 04:34:56 UTC 2025 TDSFU
TDSFU Daily run: Fri Oct 31 04:38:14 UTC 2025 TDSFU
TDSFU Daily run: Sat Nov  1 04:33:03 UTC 2025 TDSFU
TDSFU Daily run: Sun Nov  2 04:35:45 UTC 2025 TDSFU
TDSFU Daily run: Mon Nov  3 04:41:44 UTC 2025 TDSFU
